company,job_title,location,job_url,source,visa_sponsorship_possible,scraped_date
Affirm,"Analytics Manager, Full Stack (Fraud Analytics)",Remote UK,https://job-boards.greenhouse.io/affirm/jobs/7532268003,Greenhouse,True,2026-06-18
Affirm,Group Product Management Manager,Remote UK,https://job-boards.greenhouse.io/affirm/jobs/7546216003,Greenhouse,True,2026-06-18
Affirm,Operations Risk Manager (Backbook Integrations) ,Remote UK,https://job-boards.greenhouse.io/affirm/jobs/7761356003,Greenhouse,True,2026-06-18
Affirm,"Senior Software Engineer, Backend (Payments)",Remote UK,https://job-boards.greenhouse.io/affirm/jobs/7737155003,Greenhouse,True,2026-06-18
Affirm,Talent Brand Specialist II,Remote UK,https://job-boards.greenhouse.io/affirm/jobs/7726819003,Greenhouse,True,2026-06-18
Monzo,Backend Engineer III ,"Cardiff, London or Remote (UK)",https://job-boards.greenhouse.io/monzo/jobs/6635595,Greenhouse,True,2026-06-18
Monzo,"Card Acquiring, Business Banking Customer Operations Advisor ","Cardiff, London or Remote (UK)",https://job-boards.greenhouse.io/monzo/jobs/7908745,Greenhouse,True,2026-06-18
Monzo,"Credit Risk Manager, Flex Originations ","Cardiff, London or Remote (UK)",https://job-boards.greenhouse.io/monzo/jobs/7991200,Greenhouse,True,2026-06-18
Monzo,"Credit Risk Manager, Portfolio Management",London; Remote (UK),https://job-boards.greenhouse.io/monzo/jobs/7991227,Greenhouse,True,2026-06-18
Monzo,Director of Fraud,"Cardiff, London or Remote (UK)",https://job-boards.greenhouse.io/monzo/jobs/8002441,Greenhouse,True,2026-06-18
Monzo,"Engineering Director, Security","Cardiff, London or Remote (UK)",https://job-boards.greenhouse.io/monzo/jobs/7912647,Greenhouse,True,2026-06-18
Monzo,Engineering Manager,"Cardiff, London or Remote (UK)",https://job-boards.greenhouse.io/monzo/jobs/5018066,Greenhouse,True,2026-06-18
Monzo,Finance Forecasting Modeller,UK,https://job-boards.greenhouse.io/monzo/jobs/7904675,Greenhouse,True,2026-06-18
Monzo,Head of Prudential Risk,"Cardiff, London or Remote (UK)",https://job-boards.greenhouse.io/monzo/jobs/8000900,Greenhouse,True,2026-06-18
Monzo,IFRS9 Modeller,London,https://job-boards.greenhouse.io/monzo/jobs/7768140,Greenhouse,True,2026-06-18
Monzo,"International Public Policy, Senior Manager ","Cardiff, London or Remote (UK)",https://job-boards.greenhouse.io/monzo/jobs/8000142,Greenhouse,True,2026-06-18
Monzo,Lead Analytics Engineer,"Cardiff, London or Remote (UK)",https://job-boards.greenhouse.io/monzo/jobs/7582354,Greenhouse,True,2026-06-18
Monzo,"Lead Analytics Engineer, Borrowing","Cardiff, London or Remote (UK)",https://job-boards.greenhouse.io/monzo/jobs/7873998,Greenhouse,True,2026-06-18
Monzo,Lead Insurance Pricing Analyst,"Cardiff, London or Remote (UK)",https://job-boards.greenhouse.io/monzo/jobs/7916595,Greenhouse,True,2026-06-18
Monzo,Lead Product Designer,"Cardiff, London or Remote (UK)",https://job-boards.greenhouse.io/monzo/jobs/6758088,Greenhouse,True,2026-06-18
Monzo,"Machine Learning Manager, Fincrime","Cardiff, London or Remote (UK)",https://job-boards.greenhouse.io/monzo/jobs/7973753,Greenhouse,True,2026-06-18
Monzo,Machine Learning Platform Engineer,"Cardiff, London or Remote (UK); London",https://job-boards.greenhouse.io/monzo/jobs/7118972,Greenhouse,True,2026-06-18
Monzo,"Operations Leadership, Financial Crime (Multilingual) ",Remote (UK),https://job-boards.greenhouse.io/monzo/jobs/7996449,Greenhouse,True,2026-06-18
Monzo,Operations Strategy Associate (Customer Experience) ,London,https://job-boards.greenhouse.io/monzo/jobs/7850667,Greenhouse,True,2026-06-18
Monzo,"Product Director, Flex (Borrowing) ",London,https://job-boards.greenhouse.io/monzo/jobs/7775842,Greenhouse,True,2026-06-18
Monzo,"Product Marketing Lead, Core Banking",London,https://job-boards.greenhouse.io/monzo/jobs/7966820,Greenhouse,True,2026-06-18
Monzo,Sales Account Executive ,London,https://job-boards.greenhouse.io/monzo/jobs/7946620,Greenhouse,True,2026-06-18
Monzo,Senior Analytics Engineer,"Cardiff, London or Remote (UK)",https://job-boards.greenhouse.io/monzo/jobs/6076740,Greenhouse,True,2026-06-18
Monzo,Senior Backend Engineer,"Cardiff, London or Remote (UK)",https://job-boards.greenhouse.io/monzo/jobs/6635837,Greenhouse,True,2026-06-18
Monzo,Senior Controls Manager,London; Remote (UK),https://job-boards.greenhouse.io/monzo/jobs/7988046,Greenhouse,True,2026-06-18
Monzo,"Senior Controls Manager, ERMF",London; Remote (UK),https://job-boards.greenhouse.io/monzo/jobs/7979692,Greenhouse,True,2026-06-18
Monzo,Senior Credit Analyst,"Cardiff, London or Remote (UK)",https://job-boards.greenhouse.io/monzo/jobs/7655258,Greenhouse,True,2026-06-18
Monzo,Senior Engineering Manager,"Cardiff, London or Remote (UK)",https://job-boards.greenhouse.io/monzo/jobs/6394676,Greenhouse,True,2026-06-18
Monzo,Senior Finance Business Partner,London,https://job-boards.greenhouse.io/monzo/jobs/7921307,Greenhouse,True,2026-06-18
Monzo,Senior Finance Business Partner,London,https://job-boards.greenhouse.io/monzo/jobs/7355930,Greenhouse,True,2026-06-18
Monzo,"Senior Fraud Investigator, EU - English & Spanish Speaking",Remote (UK),https://job-boards.greenhouse.io/monzo/jobs/7989321,Greenhouse,True,2026-06-18
Monzo,Senior Full Stack Engineer,"Cardiff, London or Remote (UK)",https://job-boards.greenhouse.io/monzo/jobs/7061954,Greenhouse,True,2026-06-18
Monzo,"Senior Investigator, Operations Analyst, Financial Crime (Multilingual) ",Remote (UK),https://job-boards.greenhouse.io/monzo/jobs/7996433,Greenhouse,True,2026-06-18
Monzo,"Senior Legal Counsel, Business Banking","Cardiff, London or Remote (UK)",https://job-boards.greenhouse.io/monzo/jobs/7621692,Greenhouse,True,2026-06-18
Monzo,"Senior Machine Learning Scientist, Borrowing","Cardiff, London or Remote (UK)",https://job-boards.greenhouse.io/monzo/jobs/7686352,Greenhouse,True,2026-06-18
Monzo,"Senior Manager, Control Process Automation & Data",London; Remote (UK),https://job-boards.greenhouse.io/monzo/jobs/7988048,Greenhouse,True,2026-06-18
Monzo,Senior Offensive Security Engineer,"Cardiff, London or Remote (UK)",https://job-boards.greenhouse.io/monzo/jobs/7981938,Greenhouse,True,2026-06-18
Monzo,"Senior Product Director, Business Banking",London,https://job-boards.greenhouse.io/monzo/jobs/7732437,Greenhouse,True,2026-06-18
Monzo,"Senior Product Manager, Business Banking",London,https://job-boards.greenhouse.io/monzo/jobs/7995037,Greenhouse,True,2026-06-18
Monzo,"Senior Product Manager, EU ",Barcelona; London,https://job-boards.greenhouse.io/monzo/jobs/7622551,Greenhouse,True,2026-06-18
Monzo,"Senior Product Marketing Manager, Borrowing",London,https://job-boards.greenhouse.io/monzo/jobs/7861991,Greenhouse,True,2026-06-18
Monzo,Senior Staff Backend Engineer,"Cardiff, London or Remote (UK)",https://job-boards.greenhouse.io/monzo/jobs/6036797,Greenhouse,True,2026-06-18
Monzo,Senior Strategy and Operations Manager,London,https://job-boards.greenhouse.io/monzo/jobs/7962857,Greenhouse,True,2026-06-18
Monzo,Senior Sustainability Manager,London,https://job-boards.greenhouse.io/monzo/jobs/8007672,Greenhouse,True,2026-06-18
Monzo,Staff Backend Engineer ,"Cardiff, London or Remote (UK)",https://job-boards.greenhouse.io/monzo/jobs/6636147,Greenhouse,True,2026-06-18
Monzo,Staff Product Designer,"Cardiff, London or Remote (UK)",https://job-boards.greenhouse.io/monzo/jobs/6994700,Greenhouse,True,2026-06-18
Monzo,"Staff User Researcher, Wealth","Cardiff, London or Remote (UK)",https://job-boards.greenhouse.io/monzo/jobs/7902934,Greenhouse,True,2026-06-18
Monzo,Technical Accounting & Advisory Senior Manager,"Cardiff, London or Remote (UK)",https://job-boards.greenhouse.io/monzo/jobs/7971941,Greenhouse,True,2026-06-18
Monzo,Third Party Risk Manager (FTC),London; Remote (UK),https://job-boards.greenhouse.io/monzo/jobs/7893700,Greenhouse,True,2026-06-18
Stripe,"Account Executive, Enterprise Grower (Billing)",London,https://stripe.com/jobs/search?gh_jid=7607568,Greenhouse,True,2026-06-18
Stripe,"Account Executive, Platforms",London,https://stripe.com/jobs/search?gh_jid=7451366,Greenhouse,True,2026-06-18
Stripe,"Backend / API Engineer, Payouts",United Kingdom,https://stripe.com/jobs/search?gh_jid=7369543,Greenhouse,True,2026-06-18
Stripe,Customer Success Manager,London,https://stripe.com/jobs/search?gh_jid=7810205,Greenhouse,True,2026-06-18
Stripe,Customer Success Manager ,London,https://stripe.com/jobs/search?gh_jid=8009536,Greenhouse,True,2026-06-18
Stripe,Customer Success Manager (French speaking),London,https://stripe.com/jobs/search?gh_jid=7925790,Greenhouse,True,2026-06-18
Stripe,Customer Success Manager (German speaking) ,London,https://stripe.com/jobs/search?gh_jid=7522783,Greenhouse,True,2026-06-18
Stripe,Customer Success Manager (Spanish speaking),London,https://stripe.com/jobs/search?gh_jid=7925821,Greenhouse,True,2026-06-18
Stripe,EMEA Deal Pricing Strategist,London/Dublin,https://stripe.com/jobs/search?gh_jid=7960873,Greenhouse,True,2026-06-18
Stripe,Engagement Manager,"London, UK",https://stripe.com/jobs/search?gh_jid=7808299,Greenhouse,True,2026-06-18
Stripe,Enterprise Paid Marketing Manager,London,https://stripe.com/jobs/search?gh_jid=7882047,Greenhouse,True,2026-06-18
Stripe,Finance and Strategy Analyst,Dublin OR London,https://stripe.com/jobs/search?gh_jid=7963763,Greenhouse,True,2026-06-18
Stripe,GSI Partner Development Lead- EMEA,London,https://stripe.com/jobs/search?gh_jid=7677136,Greenhouse,True,2026-06-18
Stripe,"Global Head of Specialist Solutions Architecture, Revenue ",London,https://stripe.com/jobs/search?gh_jid=7963508,Greenhouse,True,2026-06-18
Stripe,Indirect Tax Advisory Consultant,Dublin or London,https://stripe.com/jobs/search?gh_jid=7589400,Greenhouse,True,2026-06-18
Stripe,"Internal Audit Lead - Treasury, Finance & Operations",Dublin OR London,https://stripe.com/jobs/search?gh_jid=7678541,Greenhouse,True,2026-06-18
Stripe,Major Financial Crimes & Insider Risk Investigator,"Dublin, London",https://stripe.com/jobs/search?gh_jid=7964854,Greenhouse,True,2026-06-18
Stripe,"Manager, Customer Success Management",London,https://stripe.com/jobs/search?gh_jid=7446791,Greenhouse,True,2026-06-18
Stripe,"Mobile Engineer, Treasury",United Kingdom,https://stripe.com/jobs/search?gh_jid=7978915,Greenhouse,True,2026-06-18
Stripe,Paid Search Marketing Manager,London,https://stripe.com/jobs/search?gh_jid=7978584,Greenhouse,True,2026-06-18
Stripe,Partner Development Manager (Banks),London - United Kingdom,https://stripe.com/jobs/search?gh_jid=7289456,Greenhouse,True,2026-06-18
Stripe,"Product Designer, Risk",Ireland / United Kingdom,https://stripe.com/jobs/search?gh_jid=7954118,Greenhouse,True,2026-06-18
Stripe,Product Enablement Advisor,"London, Dublin",https://stripe.com/jobs/search?gh_jid=8003129,Greenhouse,True,2026-06-18
Stripe,"Product Manager, Capital",London,https://stripe.com/jobs/search?gh_jid=7721834,Greenhouse,True,2026-06-18
Stripe,"Product Manager, Ecosystem Risk",London,https://stripe.com/jobs/search?gh_jid=7947422,Greenhouse,True,2026-06-18
Stripe,"Product Support, Bridge ","New York, Dublin, London",https://stripe.com/jobs/search?gh_jid=7678670,Greenhouse,True,2026-06-18
Stripe,Regional Field Marketing Manager (Northern and Southern Europe),London,https://stripe.com/jobs/search?gh_jid=7543898,Greenhouse,True,2026-06-18
Stripe,"Regional Product Marketing Manager, United Kingdom",London,https://stripe.com/jobs/search?gh_jid=7921325,Greenhouse,True,2026-06-18
Stripe,Services Account Executive,London,https://stripe.com/jobs/search?gh_jid=7566383,Greenhouse,True,2026-06-18
Stripe,"Software Engineer, Money Movement ",London,https://stripe.com/jobs/search?gh_jid=7208537,Greenhouse,True,2026-06-18
Stripe,"Solutions Architect, Platforms, UK",London,https://stripe.com/jobs/search?gh_jid=7574857,Greenhouse,True,2026-06-18
Stripe,Technical Account Manager,London,https://stripe.com/jobs/search?gh_jid=7549012,Greenhouse,True,2026-06-18
Stripe,"Technical Partner Manager, EMEA Payment Methods","Ireland-Dublin, UK-London, Ireland-remote, UK-remote",https://stripe.com/jobs/search?gh_jid=7779294,Greenhouse,True,2026-06-18
SumUp, Field Sales Consultant - UK - Bradford,"Bradford, England, United Kingdom",https://sumup.com/careers/positions/8313796002?gh_jid=8313796002,Greenhouse,True,2026-06-18
SumUp, Field Sales Consultant - UK - Glasgow,"Glasgow, Scotland, United Kingdom",https://sumup.com/careers/positions/8313807002?gh_jid=8313807002,Greenhouse,True,2026-06-18
SumUp, Field Sales Consultant - UK - Wolverhampton,"Wolverhampton, England, United Kingdom",https://sumup.com/careers/positions/8313726002?gh_jid=8313726002,Greenhouse,True,2026-06-18
SumUp, Field Sales Representative,"Cambridge, England, United Kingdom",https://sumup.com/careers/positions/8526376002?gh_jid=8526376002,Greenhouse,True,2026-06-18
SumUp, Field Sales Representative,"Chelmsford, England, United Kingdom",https://sumup.com/careers/positions/7810182002?gh_jid=7810182002,Greenhouse,True,2026-06-18
SumUp, Field Sales Representative,"Cardiff, Wales, United Kingdom",https://sumup.com/careers/positions/7809649002?gh_jid=7809649002,Greenhouse,True,2026-06-18
SumUp,Business Development Manager – Payments & POS,"Manchester, England, United Kingdom",https://sumup.com/careers/positions/7789384002?gh_jid=7789384002,Greenhouse,True,2026-06-18
SumUp,Business Development Manager – Payments & POS,"Edinburgh, Scotland, United Kingdom",https://sumup.com/careers/positions/8518822002?gh_jid=8518822002,Greenhouse,True,2026-06-18
SumUp,Business Development Manager – Payments & POS,"Glasgow, Scotland, United Kingdom",https://sumup.com/careers/positions/8592035002?gh_jid=8592035002,Greenhouse,True,2026-06-18
SumUp,Commercial Planning Senior Associate,"London, England, United Kingdom",https://sumup.com/careers/positions/8587363002?gh_jid=8587363002,Greenhouse,True,2026-06-18
SumUp,Engineering Manager,"London, England, United Kingdom",https://sumup.com/careers/positions/8213032002?gh_jid=8213032002,Greenhouse,True,2026-06-18
SumUp,Engineering Manager - Website,"Berlin, Germany; London, England, United Kingdom",https://sumup.com/careers/positions/8482965002?gh_jid=8482965002,Greenhouse,True,2026-06-18
SumUp,Field Sales Consultant - UK - Belfast,"Belfast, Northern Ireland, United Kingdom",https://sumup.com/careers/positions/8313760002?gh_jid=8313760002,Greenhouse,True,2026-06-18
SumUp,Field Sales Consultant - UK - Brighton ,"Brighton, England, United Kingdom",https://sumup.com/careers/positions/8313716002?gh_jid=8313716002,Greenhouse,True,2026-06-18
SumUp,Field Sales Consultant - UK - Cardiff,"Cardiff, Wales, United Kingdom",https://sumup.com/careers/positions/8313746002?gh_jid=8313746002,Greenhouse,True,2026-06-18
SumUp,Field Sales Consultant - UK - Edinburgh,"Edinburgh, Scotland, United Kingdom",https://sumup.com/careers/positions/8313837002?gh_jid=8313837002,Greenhouse,True,2026-06-18
SumUp,Field Sales Consultant - UK - Hull,"Hull, England, United Kingdom",https://sumup.com/careers/positions/8313886002?gh_jid=8313886002,Greenhouse,True,2026-06-18
SumUp,Field Sales Consultant - UK - Leicester,"Leicester, England, United Kingdom",https://sumup.com/careers/positions/8313736002?gh_jid=8313736002,Greenhouse,True,2026-06-18
SumUp,Field Sales Consultant - UK - Liverpool,"Liverpool, England, United Kingdom",https://sumup.com/careers/positions/8313865002?gh_jid=8313865002,Greenhouse,True,2026-06-18
SumUp,Field Sales Consultant - UK - Newcastle,"Newcastle upon Tyne, England, United Kingdom",https://sumup.com/careers/positions/8313856002?gh_jid=8313856002,Greenhouse,True,2026-06-18
SumUp,Field Sales Consultant - UK - Sheffield,"Sheffield, England, United Kingdom",https://sumup.com/careers/positions/8313772002?gh_jid=8313772002,Greenhouse,True,2026-06-18
SumUp,Field Sales Consultant - UK -Nottingham,"Nottingham, England, United Kingdom",https://sumup.com/careers/positions/8313875002?gh_jid=8313875002,Greenhouse,True,2026-06-18
SumUp,Field Sales Executive,"Newry, Northern Ireland, United Kingdom",https://sumup.com/careers/positions/7786555002?gh_jid=7786555002,Greenhouse,True,2026-06-18
SumUp,Field Sales Representative,"Warrington, England, United Kingdom",https://sumup.com/careers/positions/8448536002?gh_jid=8448536002,Greenhouse,True,2026-06-18
SumUp,Field Sales Representative,"Colchester, England, United Kingdom",https://sumup.com/careers/positions/7786771002?gh_jid=7786771002,Greenhouse,True,2026-06-18
SumUp,Field Sales Representative,"Norwich, England, United Kingdom",https://sumup.com/careers/positions/7810133002?gh_jid=7810133002,Greenhouse,True,2026-06-18
SumUp,Field Sales Representative,"Peterborough, England, United Kingdom",https://sumup.com/careers/positions/7810136002?gh_jid=7810136002,Greenhouse,True,2026-06-18
SumUp,Field Sales Representative,"Ipswich, England, United Kingdom",https://sumup.com/careers/positions/7810142002?gh_jid=7810142002,Greenhouse,True,2026-06-18
SumUp,Field Sales Representative,"Stevenage, England, United Kingdom",https://sumup.com/careers/positions/7810145002?gh_jid=7810145002,Greenhouse,True,2026-06-18
SumUp,Field Sales Representative,"Southend-on-Sea, England, United Kingdom",https://sumup.com/careers/positions/7810159002?gh_jid=7810159002,Greenhouse,True,2026-06-18
SumUp,Field Sales Representative,"St Albans, England, United Kingdom",https://sumup.com/careers/positions/8209155002?gh_jid=8209155002,Greenhouse,True,2026-06-18
SumUp,Field Sales Representative,"Luton, England, United Kingdom",https://sumup.com/careers/positions/8209162002?gh_jid=8209162002,Greenhouse,True,2026-06-18
SumUp,Field Sales Representative,"Enfield, England, United Kingdom",https://sumup.com/careers/positions/8209165002?gh_jid=8209165002,Greenhouse,True,2026-06-18
SumUp,Field Sales Representative,"Reading, England, United Kingdom",https://sumup.com/careers/positions/8209173002?gh_jid=8209173002,Greenhouse,True,2026-06-18
SumUp,Field Sales Representative,"Guildford, England, United Kingdom",https://sumup.com/careers/positions/8209186002?gh_jid=8209186002,Greenhouse,True,2026-06-18
SumUp,Field Sales Representative,"Northampton, England, United Kingdom",https://sumup.com/careers/positions/8209216002?gh_jid=8209216002,Greenhouse,True,2026-06-18
SumUp,Field Sales Representative,"Burton-on-Trent, England, United Kingdom",https://sumup.com/careers/positions/8209227002?gh_jid=8209227002,Greenhouse,True,2026-06-18
SumUp,Field Sales Representative,"Wakefield, England, United Kingdom",https://sumup.com/careers/positions/8209311002?gh_jid=8209311002,Greenhouse,True,2026-06-18
SumUp,Field Sales Representative,"Blackburn, England, United Kingdom",https://sumup.com/careers/positions/8209395002?gh_jid=8209395002,Greenhouse,True,2026-06-18
SumUp,Field Sales Representative,"Stoke-on-Trent, England, United Kingdom",https://sumup.com/careers/positions/8209282002?gh_jid=8209282002,Greenhouse,True,2026-06-18
SumUp,Field Sales Representative,"Hereford, England, United Kingdom",https://sumup.com/careers/positions/8209404002?gh_jid=8209404002,Greenhouse,True,2026-06-18
SumUp,Field Sales Representative,"Newport, Wales, United Kingdom",https://sumup.com/careers/positions/8209406002?gh_jid=8209406002,Greenhouse,True,2026-06-18
SumUp,Field Sales Representative,"Swansea, Wales, United Kingdom",https://sumup.com/careers/positions/8209409002?gh_jid=8209409002,Greenhouse,True,2026-06-18
SumUp,Field Sales Representative,"Edinburgh, Scotland, United Kingdom",https://sumup.com/careers/positions/8209300002?gh_jid=8209300002,Greenhouse,True,2026-06-18
SumUp,Field Sales Representative,"Middlesbrough, England, United Kingdom",https://sumup.com/careers/positions/8209318002?gh_jid=8209318002,Greenhouse,True,2026-06-18
SumUp,Field Sales Representative,"Darlington, England, United Kingdom",https://sumup.com/careers/positions/8209324002?gh_jid=8209324002,Greenhouse,True,2026-06-18
SumUp,Field Sales Representative,"Sunderland, England, United Kingdom",https://sumup.com/careers/positions/8209335002?gh_jid=8209335002,Greenhouse,True,2026-06-18
SumUp,Field Sales Representative,"Twickenham, England, United Kingdom",https://sumup.com/careers/positions/8225729002?gh_jid=8225729002,Greenhouse,True,2026-06-18
SumUp,Field Sales Representative,"Armagh, Northern Ireland, United Kingdom",https://sumup.com/careers/positions/8375826002?gh_jid=8375826002,Greenhouse,True,2026-06-18
SumUp,Field Sales Representative,"Enniskillen, Northern Ireland, United Kingdom",https://sumup.com/careers/positions/8388293002?gh_jid=8388293002,Greenhouse,True,2026-06-18
SumUp,Field Sales Representative,"Omagh, Northern Ireland, United Kingdom",https://sumup.com/careers/positions/8388565002?gh_jid=8388565002,Greenhouse,True,2026-06-18
SumUp,Field Sales Representative,"Portsmouth, England, United Kingdom",https://sumup.com/careers/positions/8401428002?gh_jid=8401428002,Greenhouse,True,2026-06-18
SumUp,Field Sales Representative,"Southampton, England, United Kingdom",https://sumup.com/careers/positions/8401442002?gh_jid=8401442002,Greenhouse,True,2026-06-18
SumUp,Field Sales Representative,"Coventry, England, United Kingdom",https://sumup.com/careers/positions/8381301002?gh_jid=8381301002,Greenhouse,True,2026-06-18
SumUp,Field Sales Representative,"Telford, England, United Kingdom",https://sumup.com/careers/positions/8381319002?gh_jid=8381319002,Greenhouse,True,2026-06-18
SumUp,Field Sales Representative,"Preston, England, United Kingdom",https://sumup.com/careers/positions/8448475002?gh_jid=8448475002,Greenhouse,True,2026-06-18
SumUp,Field Sales Representative,"Wigan, England, United Kingdom",https://sumup.com/careers/positions/8448476002?gh_jid=8448476002,Greenhouse,True,2026-06-18
SumUp,Field Sales Representative,"Wrexham, Wales, United Kingdom",https://sumup.com/careers/positions/8448480002?gh_jid=8448480002,Greenhouse,True,2026-06-18
SumUp,Field Sales Representative,"Stockport, England, United Kingdom",https://sumup.com/careers/positions/8448482002?gh_jid=8448482002,Greenhouse,True,2026-06-18
SumUp,Field Sales Representative,"Stoke-on-Trent, England, United Kingdom",https://sumup.com/careers/positions/8448486002?gh_jid=8448486002,Greenhouse,True,2026-06-18
SumUp,Field Sales Representative,"Manchester, England, United Kingdom",https://sumup.com/careers/positions/8448514002?gh_jid=8448514002,Greenhouse,True,2026-06-18
SumUp,Field Sales Representative,"Bolton, England, United Kingdom",https://sumup.com/careers/positions/8448519002?gh_jid=8448519002,Greenhouse,True,2026-06-18
SumUp,Field Sales Representative,"Oldham, England, United Kingdom",https://sumup.com/careers/positions/8448521002?gh_jid=8448521002,Greenhouse,True,2026-06-18
SumUp,Field Sales Representative,"Chester, England, United Kingdom",https://sumup.com/careers/positions/8448523002?gh_jid=8448523002,Greenhouse,True,2026-06-18
SumUp,Field Sales Representative,"Liverpool, England, United Kingdom",https://sumup.com/careers/positions/8448526002?gh_jid=8448526002,Greenhouse,True,2026-06-18
SumUp,Field Sales Representative,"Lancaster, England, United Kingdom",https://sumup.com/careers/positions/8448530002?gh_jid=8448530002,Greenhouse,True,2026-06-18
SumUp,Field Sales Representative,"Carlisle, England, United Kingdom",https://sumup.com/careers/positions/8448531002?gh_jid=8448531002,Greenhouse,True,2026-06-18
SumUp,Field Sales Representative,"Crewe, England, United Kingdom",https://sumup.com/careers/positions/8448534002?gh_jid=8448534002,Greenhouse,True,2026-06-18
SumUp,Field Sales Representative,"Blackpool, England, United Kingdom",https://sumup.com/careers/positions/8448539002?gh_jid=8448539002,Greenhouse,True,2026-06-18
SumUp,Field Sales Representative,"Doncaster, England, United Kingdom",https://sumup.com/careers/positions/8456523002?gh_jid=8456523002,Greenhouse,True,2026-06-18
SumUp,Field Sales Representative,"Huddersfield, England, United Kingdom",https://sumup.com/careers/positions/8456525002?gh_jid=8456525002,Greenhouse,True,2026-06-18
SumUp,Field Sales Representative,"Harrogate, England, United Kingdom",https://sumup.com/careers/positions/8456528002?gh_jid=8456528002,Greenhouse,True,2026-06-18
SumUp,Field Sales Representative,"Hull, England, United Kingdom",https://sumup.com/careers/positions/8456529002?gh_jid=8456529002,Greenhouse,True,2026-06-18
SumUp,Field Sales Representative,"Leeds, England, United Kingdom",https://sumup.com/careers/positions/8456531002?gh_jid=8456531002,Greenhouse,True,2026-06-18
SumUp,Field Sales Representative,"York, England, United Kingdom",https://sumup.com/careers/positions/8456534002?gh_jid=8456534002,Greenhouse,True,2026-06-18
SumUp,Field Sales Representative,"Bradford, England, United Kingdom",https://sumup.com/careers/positions/8456536002?gh_jid=8456536002,Greenhouse,True,2026-06-18
SumUp,Field Sales Representative,"Derby, England, United Kingdom",https://sumup.com/careers/positions/8456541002?gh_jid=8456541002,Greenhouse,True,2026-06-18
SumUp,Field Sales Representative,"Halifax, England, United Kingdom",https://sumup.com/careers/positions/8456546002?gh_jid=8456546002,Greenhouse,True,2026-06-18
SumUp,Field Sales Representative,"Nottingham, England, United Kingdom",https://sumup.com/careers/positions/8456554002?gh_jid=8456554002,Greenhouse,True,2026-06-18
SumUp,Field Sales Representative,"Lincoln, England, United Kingdom",https://sumup.com/careers/positions/8456549002?gh_jid=8456549002,Greenhouse,True,2026-06-18
SumUp,Field Sales Representative,"Sheffield, England, United Kingdom",https://sumup.com/careers/positions/8456566002?gh_jid=8456566002,Greenhouse,True,2026-06-18
SumUp,Field Sales Representative,"London, England, United Kingdom",https://sumup.com/careers/positions/8493802002?gh_jid=8493802002,Greenhouse,True,2026-06-18
SumUp,Field Sales Representative,"Oxford, England, United Kingdom",https://sumup.com/careers/positions/8493810002?gh_jid=8493810002,Greenhouse,True,2026-06-18
SumUp,Field Sales Representative,"Worcester, England, United Kingdom",https://sumup.com/careers/positions/8542561002?gh_jid=8542561002,Greenhouse,True,2026-06-18
SumUp,Field Sales Representative,"Walsall, England, United Kingdom",https://sumup.com/careers/positions/8545288002?gh_jid=8545288002,Greenhouse,True,2026-06-18
SumUp,Field Sales Representative ,"Newcastle upon Tyne, England, United Kingdom",https://sumup.com/careers/positions/8209309002?gh_jid=8209309002,Greenhouse,True,2026-06-18
SumUp,Field Sales Representitive ,"Glasgow, Scotland, United Kingdom",https://sumup.com/careers/positions/8441337002?gh_jid=8441337002,Greenhouse,True,2026-06-18
SumUp,IT Infrastructure & Systems Internal Auditor,"London, England, United Kingdom",https://sumup.com/careers/positions/8401894002?gh_jid=8401894002,Greenhouse,True,2026-06-18
SumUp,International Tax Lead,"London, England, United Kingdom",https://sumup.com/careers/positions/8592478002?gh_jid=8592478002,Greenhouse,True,2026-06-18
SumUp,Junior Inbound Account Executive [Dutch Market],"London, England, United Kingdom",https://sumup.com/careers/positions/8564784002?gh_jid=8564784002,Greenhouse,True,2026-06-18
SumUp,MLRO- GRC & Risk,"London, England, United Kingdom",https://sumup.com/careers/positions/8529486002?gh_jid=8529486002,Greenhouse,True,2026-06-18
SumUp,People Partner - Consumer Tribe,"London, England, United Kingdom",https://sumup.com/careers/positions/8554692002?gh_jid=8554692002,Greenhouse,True,2026-06-18
SumUp,Senior Android Engineer,"London, England, United Kingdom",https://sumup.com/careers/positions/8458914002?gh_jid=8458914002,Greenhouse,True,2026-06-18
SumUp,Senior Backend Engineer,"Cologne, Germany; London, England, United Kingdom",https://sumup.com/careers/positions/8566460002?gh_jid=8566460002,Greenhouse,True,2026-06-18
SumUp,Senior People Partner - SumUp Pay,"London, England, United Kingdom",https://sumup.com/careers/positions/8596654002?gh_jid=8596654002,Greenhouse,True,2026-06-18
SumUp,Senior Product Designer - Consumer,"London, England, United Kingdom",https://sumup.com/careers/positions/8427124002?gh_jid=8427124002,Greenhouse,True,2026-06-18
SumUp,Senior Social Media Manager,"London, England, United Kingdom",https://sumup.com/careers/positions/8585765002?gh_jid=8585765002,Greenhouse,True,2026-06-18
SumUp,Senior iOS Engineer,"London, England, United Kingdom",https://sumup.com/careers/positions/8468017002?gh_jid=8468017002,Greenhouse,True,2026-06-18
SumUp,Talent Acquisition Partner,"London, England, United Kingdom",https://sumup.com/careers/positions/8398129002?gh_jid=8398129002,Greenhouse,True,2026-06-18
SumUp,Tax Process and Operations Lead,"London, England, United Kingdom",https://sumup.com/careers/positions/8587511002?gh_jid=8587511002,Greenhouse,True,2026-06-18
SumUp,Workday Specialist,"London, England, United Kingdom",https://sumup.com/careers/positions/8558369002?gh_jid=8558369002,Greenhouse,True,2026-06-18
SumUp,iOS Engineer - Mobile Platform,"Berlin, Germany; Cologne, Germany; London, England, United Kingdom; Sofia, Bulgaria",https://sumup.com/careers/positions/8481527002?gh_jid=8481527002,Greenhouse,True,2026-06-18
contentful, Senior Software Engineer - Machine Learning (f/m/d),"London, England, United Kingdom",https://job-boards.greenhouse.io/contentful/jobs/7487850,Greenhouse,True,2026-06-18
contentful,Analytical Engineer f/m/d,London,https://job-boards.greenhouse.io/contentful/jobs/7859228,Greenhouse,True,2026-06-18
contentful,Area Sales Director,"London, England, United Kingdom",https://job-boards.greenhouse.io/contentful/jobs/7782592,Greenhouse,True,2026-06-18
contentful,"Business Development Representative, Commercial- French speaking (f/m/d)","London, England, United Kingdom",https://job-boards.greenhouse.io/contentful/jobs/6137574,Greenhouse,True,2026-06-18
contentful,"Business Development Representative, Enterprise - French speaking (f/m/d)","London, England, United Kingdom",https://job-boards.greenhouse.io/contentful/jobs/5853004,Greenhouse,True,2026-06-18
contentful,"Business Development Representative, Enterprise- German speaking (f/m/d)","London, England, United Kingdom",https://job-boards.greenhouse.io/contentful/jobs/5853009,Greenhouse,True,2026-06-18
contentful,"Business Development Representative, Enterprise- Italian Speaking (f/m/d)",London,https://job-boards.greenhouse.io/contentful/jobs/6671440,Greenhouse,True,2026-06-18
contentful,"Business Development Representative, Enterprise- Spanish speaking (f/m/d)","London, England, United Kingdom",https://job-boards.greenhouse.io/contentful/jobs/6696223,Greenhouse,True,2026-06-18
contentful,"Business Development Representative, Mid Market UKI (f/m/d)","London, England, United Kingdom",https://job-boards.greenhouse.io/contentful/jobs/5852946,Greenhouse,True,2026-06-18
contentful,Commercial Account Executive DACH (f/m/d),"London, England, United Kingdom",https://job-boards.greenhouse.io/contentful/jobs/7874826,Greenhouse,True,2026-06-18
contentful,Customer Support Engineer (f/m/d),"London, England, United Kingdom",https://job-boards.greenhouse.io/contentful/jobs/7655986,Greenhouse,True,2026-06-18
contentful,"Director, Product Management (f/m/d)","London, England, United Kingdom",https://job-boards.greenhouse.io/contentful/jobs/7789452,Greenhouse,True,2026-06-18
contentful,Fullstack Software Engineer (f/m/d),"London, England, United Kingdom",https://job-boards.greenhouse.io/contentful/jobs/7553930,Greenhouse,True,2026-06-18
contentful,"Manager, Customer Success, Scale EMEA (f/m/d)","London, London, United Kingdom",https://job-boards.greenhouse.io/contentful/jobs/7918705,Greenhouse,True,2026-06-18
contentful,Mid Market Account Executive - DACH (f/m/d),"London, London, United Kingdom",https://job-boards.greenhouse.io/contentful/jobs/7874829,Greenhouse,True,2026-06-18
contentful,Mid Market Account Executive - UKI (f/m/d),"London, England, United Kingdom",https://job-boards.greenhouse.io/contentful/jobs/7177651,Greenhouse,True,2026-06-18
contentful,Optimization Strategist (f/m/d),"London, England, United Kingdom",https://job-boards.greenhouse.io/contentful/jobs/7627279,Greenhouse,True,2026-06-18
contentful,Senior Backend Engineer - AI Platform (f/m/d),"London, England, United Kingdom",https://job-boards.greenhouse.io/contentful/jobs/7776562,Greenhouse,True,2026-06-18
contentful,Senior Product Manager (f/m/d),"London, England, United Kingdom",https://job-boards.greenhouse.io/contentful/jobs/7635752,Greenhouse,True,2026-06-18
contentful,Senior Software Engineer - Backend & Infrastructure (f/m/d),"London, England, United Kingdom",https://job-boards.greenhouse.io/contentful/jobs/7757968,Greenhouse,True,2026-06-18
contentful,Senior Solution Engineer DACH (f/m/d),"London, London, United Kingdom",https://job-boards.greenhouse.io/contentful/jobs/7899398,Greenhouse,True,2026-06-18
contentful,Strategic Alliances Manager (f/m/d),"London, England, United Kingdom",https://job-boards.greenhouse.io/contentful/jobs/7658593,Greenhouse,True,2026-06-18
datadog,Enterprise Account Executive (UKI) - Public Sector,"London, United Kingdom",https://careers.datadoghq.com/detail/7599334/?gh_jid=7599334,Greenhouse,True,2026-06-18
datadog,Enterprise Account Executive - UKI,"London, United Kingdom",https://careers.datadoghq.com/detail/6836442/?gh_jid=6836442,Greenhouse,True,2026-06-18
datadog,Enterprise Sales Engineer - UK,"United Kingdom, Remote",https://careers.datadoghq.com/detail/7487353/?gh_jid=7487353,Greenhouse,True,2026-06-18
datadog,Event Marketing Manager,"Amsterdam, The Netherlands; Dublin, Ireland; London, United Kingdom",https://careers.datadoghq.com/detail/8000028/?gh_jid=8000028,Greenhouse,True,2026-06-18
datadog,Partner Marketing Manager - Cloud & Channel (EMEA),"London, United Kingdom",https://careers.datadoghq.com/detail/8003183/?gh_jid=8003183,Greenhouse,True,2026-06-18
datadog,Real Estate Associate Project Manager,"Amsterdam, The Netherlands; London, United Kingdom; Paris, France",https://careers.datadoghq.com/detail/7732564/?gh_jid=7732564,Greenhouse,True,2026-06-18
datadog,Senior Customer Data Science - Solutions / Experimentation,"London, United Kingdom; Paris, France",https://careers.datadoghq.com/detail/7810544/?gh_jid=7810544,Greenhouse,True,2026-06-18
datadog,"Senior Manager, Technical Account Management ","London, United Kingdom",https://careers.datadoghq.com/detail/7658810/?gh_jid=7658810,Greenhouse,True,2026-06-18
datadog,Senior Software Engineer - Linux/eBPF,"Denmark, Remote; France, Remote; Germany, Remote; Ireland, Remote; Italy, Remote; Poland, Remote; Spain, Remote; Sweden, Remote; Switzerland, Remote; United Kingdom, Remote",https://careers.datadoghq.com/detail/7957460/?gh_jid=7957460,Greenhouse,True,2026-06-18
datadog,Strategic Account Executive (UKI),"London, United Kingdom",https://careers.datadoghq.com/detail/5622381/?gh_jid=5622381,Greenhouse,True,2026-06-18
datadog,Strategic Account Executive (UKI) - Public Sector,"London, United Kingdom",https://careers.datadoghq.com/detail/7591735/?gh_jid=7591735,Greenhouse,True,2026-06-18
datadog,Technical Account Manager 2 - EMEA,"Amsterdam, The Netherlands; Dublin, Ireland; London, United Kingdom",https://careers.datadoghq.com/detail/7862489/?gh_jid=7862489,Greenhouse,True,2026-06-18
elastic,Account Executive ,United Kingdom,https://jobs.elastic.co/jobs?gh_jid=7505982&gh_jid=7505982,Greenhouse,True,2026-06-18
elastic,Account Executive - MSSP,United Kingdom,https://jobs.elastic.co/jobs?gh_jid=7525643&gh_jid=7525643,Greenhouse,True,2026-06-18
elastic,Elastic Consultant - Public Sector,United Kingdom,https://jobs.elastic.co/jobs?gh_jid=7451737&gh_jid=7451737,Greenhouse,True,2026-06-18
elastic,Mid Market Account Executive,United Kingdom,https://jobs.elastic.co/jobs?gh_jid=7764822&gh_jid=7764822,Greenhouse,True,2026-06-18
elastic,Mid Market Account Executive (Expansion),United Kingdom,https://jobs.elastic.co/jobs?gh_jid=7764834&gh_jid=7764834,Greenhouse,True,2026-06-18
elastic,Principal Data Scientist - Agent Builder,United Kingdom,https://jobs.elastic.co/jobs?gh_jid=7957356&gh_jid=7957356,Greenhouse,True,2026-06-18
elastic,"Principal Product Manager, AI agents - Search",United Kingdom,https://jobs.elastic.co/jobs?gh_jid=7995180&gh_jid=7995180,Greenhouse,True,2026-06-18
elastic,Principal Software Engineer - Search Scaling - Elasticsearch,"London, United Kingdom",https://jobs.elastic.co/jobs?gh_jid=7051986&gh_jid=7051986,Greenhouse,True,2026-06-18
elastic,Principal Software Engineer I - Distributed Systems - Elasticsearch,United Kingdom,https://jobs.elastic.co/jobs?gh_jid=7982099&gh_jid=7982099,Greenhouse,True,2026-06-18
elastic,Public Sector Account Executive,"London, United Kingdom",https://jobs.elastic.co/jobs?gh_jid=7865012&gh_jid=7865012,Greenhouse,True,2026-06-18
elastic,Public Sector Account Executive (Central Government) ,United Kingdom,https://jobs.elastic.co/jobs?gh_jid=7728182&gh_jid=7728182,Greenhouse,True,2026-06-18
elastic,Regional Vice President,United Kingdom,https://jobs.elastic.co/jobs?gh_jid=7867553&gh_jid=7867553,Greenhouse,True,2026-06-18
elastic,Regional Vice President,United Kingdom,https://jobs.elastic.co/jobs?gh_jid=7874677&gh_jid=7874677,Greenhouse,True,2026-06-18
elastic,Senior Developer Advocate (Video Content Creator),United Kingdom,https://jobs.elastic.co/jobs?gh_jid=7190130&gh_jid=7190130,Greenhouse,True,2026-06-18
elastic,Senior Java Engineer - Distributed Systems - Elasticsearch,United Kingdom,https://jobs.elastic.co/jobs?gh_jid=7734552&gh_jid=7734552,Greenhouse,True,2026-06-18
elastic,"Senior Manager, Solutions Architecture (Pre-Sales)",United Kingdom,https://jobs.elastic.co/jobs?gh_jid=7798047&gh_jid=7798047,Greenhouse,True,2026-06-18
elastic,Senior Mid Market Account Executive,United Kingdom,https://jobs.elastic.co/jobs?gh_jid=7988380&gh_jid=7988380,Greenhouse,True,2026-06-18
elastic,Senior Solutions Architect,United Kingdom,https://jobs.elastic.co/jobs?gh_jid=7349982&gh_jid=7349982,Greenhouse,True,2026-06-18
elastic,Solutions Architect,United Kingdom,https://jobs.elastic.co/jobs?gh_jid=7525999&gh_jid=7525999,Greenhouse,True,2026-06-18
elastic,Tax Manager (EMEA & APJ) ,United Kingdom,https://jobs.elastic.co/jobs?gh_jid=7991552&gh_jid=7991552,Greenhouse,True,2026-06-18
figma,"Account Executive - Figma Weave (London, United Kingdom)","London, England",https://boards.greenhouse.io/figma/jobs/5760223004?gh_jid=5760223004,Greenhouse,True,2026-06-18
figma,"Account Executive, Enterprise (London, United Kingdom)","London, England",https://boards.greenhouse.io/figma/jobs/5458801004?gh_jid=5458801004,Greenhouse,True,2026-06-18
figma,"Account Executive, Mid-Market (London, United Kingdom)","London, England",https://boards.greenhouse.io/figma/jobs/5415515004?gh_jid=5415515004,Greenhouse,True,2026-06-18
figma,"Account Executive, SMB (London, United Kingdom)","London, England",https://boards.greenhouse.io/figma/jobs/5647851004?gh_jid=5647851004,Greenhouse,True,2026-06-18
figma,"Community Support Specialist, Weekend (London, United Kingdom) ","London, England",https://boards.greenhouse.io/figma/jobs/5985406004?gh_jid=5985406004,Greenhouse,True,2026-06-18
figma,"Director, Solution Consulting (London, United Kingdom)","London, England",https://boards.greenhouse.io/figma/jobs/5812567004?gh_jid=5812567004,Greenhouse,True,2026-06-18
figma,"Manager, Inside Sales (London, United Kingdom)","London, England",https://boards.greenhouse.io/figma/jobs/6010992004?gh_jid=6010992004,Greenhouse,True,2026-06-18
figma,"Senior Account Executive, UK Government (London, United Kingdom)","London, England",https://boards.greenhouse.io/figma/jobs/5988684004?gh_jid=5988684004,Greenhouse,True,2026-06-18
figma,"Software Engineer, AI Product (London, United Kingdom)","London, England",https://boards.greenhouse.io/figma/jobs/5551697004?gh_jid=5551697004,Greenhouse,True,2026-06-18
figma,"Software Engineer, Production Engineering  (London, United Kingdom)","London, England",https://boards.greenhouse.io/figma/jobs/5781928004?gh_jid=5781928004,Greenhouse,True,2026-06-18
figma,"Solutions Consultant (London, United Kingdom)","London, England",https://boards.greenhouse.io/figma/jobs/5735493004?gh_jid=5735493004,Greenhouse,True,2026-06-18
mongodb,Enterprise Account Executive,London,https://www.mongodb.com/careers/job/?gh_jid=7607210,Greenhouse,True,2026-06-18
mongodb,Enterprise Account Executive	,London,https://www.mongodb.com/careers/job/?gh_jid=7219459,Greenhouse,True,2026-06-18
mongodb,Principal Partner Programs Lead,London,https://www.mongodb.com/careers/job/?gh_jid=7942147,Greenhouse,True,2026-06-18
mongodb,Principal Solutions Architect,Great Britain,https://www.mongodb.com/careers/job/?gh_jid=7657688,Greenhouse,True,2026-06-18
mongodb,Senior Enterprise Account Executive,London,https://www.mongodb.com/careers/job/?gh_jid=7227836,Greenhouse,True,2026-06-18
mongodb,Senior Solutions Architect,London,https://www.mongodb.com/careers/job/?gh_jid=7942609,Greenhouse,True,2026-06-18
mongodb,"Sr. Manager, Venture & Startup Marketing",London,https://www.mongodb.com/careers/job/?gh_jid=7898811,Greenhouse,True,2026-06-18
reddit,"Acquisition Account Manager, Mid-Market EMEA","London, United Kingdom",https://job-boards.greenhouse.io/reddit/jobs/8012700,Greenhouse,True,2026-06-18
reddit,Community Manager - French speaker (contract),Remote - United Kingdom,https://job-boards.greenhouse.io/reddit/jobs/7669372,Greenhouse,True,2026-06-18
reddit,"International Strategic Finance, London","London, United Kingdom",https://job-boards.greenhouse.io/reddit/jobs/7520366,Greenhouse,True,2026-06-18
reddit,"Lead, Advertising Measurement - UK","London, United Kingdom",https://job-boards.greenhouse.io/reddit/jobs/7734973,Greenhouse,True,2026-06-18
reddit,"Program Manager, Vendor Operations","London, United Kingdom",https://job-boards.greenhouse.io/reddit/jobs/7396638,Greenhouse,True,2026-06-18
reddit,"Sales Manager, Mid-Market - UK","London, United Kingdom",https://job-boards.greenhouse.io/reddit/jobs/8012708,Greenhouse,True,2026-06-18
reddit,"Senior Client Account Manager, UK","London, United Kingdom",https://job-boards.greenhouse.io/reddit/jobs/7898547,Greenhouse,True,2026-06-18
reddit,"Senior Client Partner, Mid-Market - UK","London, United Kingdom",https://job-boards.greenhouse.io/reddit/jobs/8012744,Greenhouse,True,2026-06-18
reddit,"Senior Product Adoption Strategist, Lower Funnel, EMEA","London, United Kingdom",https://job-boards.greenhouse.io/reddit/jobs/7735760,Greenhouse,True,2026-06-18
reddit,Staff Site Reliability Engineer - Site Experience,Remote - United Kingdom,https://job-boards.greenhouse.io/reddit/jobs/7956443,Greenhouse,True,2026-06-18
webflow,"Account Executive, EMEA","London, U.K. (Hybrid)",https://job-boards.greenhouse.io/webflow/jobs/7951428,Greenhouse,True,2026-06-18
webflow,"Field Marketing Manager, EMEA","London, U.K. (Hybrid)",https://job-boards.greenhouse.io/webflow/jobs/7711402,Greenhouse,True,2026-06-18
webflow,"Senior Manager, Solutions Engineering - EMEA","London, U.K. (Hybrid)",https://job-boards.greenhouse.io/webflow/jobs/7965515,Greenhouse,True,2026-06-18
